"","iso3c","fdi","nourish","aid","oil","homicide","military","infemale","inf","infmale","co2","trade","health","gdppc","womleg","gtbeduc","region","country","cid","imfcode","politycode","bankscode","dpicode","aclpregion","epost","regime","stra","fhprights","fhliberties","personal","lifeexp","polity2","durable","rgdpe","pwtpop","pwthc","turnout","colony","womyear","urban","young","ethfrac","res","pred"
"1","AFG",0.340096812635776,24.7,40.4510311920434,0.00237818897269424,3.5,1.89747275108326,70.7,75.1,79.3,0.531522618205626,54.9673280956043,9.19772273,1629.16729020532,27.7,0.62951,"South Asia","Afghanistan",700,512,700,10,"AFG","Eastern Europe/Soviet Union","president","Civilian Dictatorship",0,5,6,0,NA,NA,0,NA,NA,NA,45.83,"UK",NA,23.28,NA,0.769299984,NA,NA
"2","AGO",-3.9131507829016,20.7,0.316143038788075,38.6186267276615,NA,4.24488429189766,100.6,109.6,117.9,0.352334015720939,105.337706857679,3.39114609,6360.84898012934,38.6,0.78801,"Sub-Saharan Africa","Angola",540,614,540,35,"AGO","Sub-Saharan Africa","president","Civilian Dictatorship",0,6,5,0,NA,-2,11,87251.8,18.038,NA,62.77,"Portugal",1975,53.96,46.32195766,0.78670001,NA,NA
"3","ALB",9.13407089560105,NA,3.09176989521823,1.5303675714844,4.4,1.55859189306875,13.2,14.8,16.4,0.38554842130889,85.4645603406071,5.33503501,9646.58227742476,16.4,0.98444,"Europe","Albania",339,914,339,20,"ALB","Eastern Europe/Soviet Union","prime minister","Parliamentary Democracy",0,3,3,0,NA,9,11,21701.8,3.1814,2.99982,53.31,"Soviet Union",1920,46.14,26.3542821,0.220400006,-0.627531344297396,9.80189030775554
"4","ARE",3.07526308655515,5,NA,20.177806945033,0.8,6.11946782162985,6.5,7.3,8,0.562184902182639,151.000433904214,3.92945183,56245.4781588414,22.5,NA,"ME and North Africa","United Arab Emirates",696,466,696,NA,"ARE","Oil States","president","Royal Dictatorship",0,6,5,0,NA,-8,37,NA,NA,NA,NA,NA,NA,NA,NA,NA,NA,NA
"5","ARG",2.6751617187936,5,0.0313688436690603,2.12950178914464,NA,0.814878105497939,11.6,13,14.4,0.443595178675498,34.9710132614734,6.55015616,18333.9946678003,38.5,1.03598,"Latin America","Argentina",160,213,160,40,"ARG","Latin America","president","Presidential Democracy",5,2,2,0,NA,8,25,524470,39.7143,2.79697,81.07,"Spain",1947,90.26,26.11797846,0.254999995,0.248061332312738,9.56845091537226
"6","ARM",5.71603784546004,6.5,3.52510840459329,0,1.9,4.26564605593771,14.3,16.1,17.9,0.455390954849264,66.1472866893029,4.56226302,6376.2682174205,9.2,NA,"Europe","Armenia",371,911,371,45,"ARM","Eastern Europe/Soviet Union","prime minister","Mixed Democracy",0,6,4,1,NA,5,10,17498.4,3.07909,3.02746,62.87,"Soviet Union",1921,64.02,19.9538741,0.127200007,-1.13853348045381,9.89887176676123
"7","ATG",8.51394840903426,NA,1.78071705042782,NA,6.9,NA,6.9,7.7,8.4,0.461790376989828,105.920073070861,5.6285144,20151.3098656076,10.5,0.95509,"Latin America","Antigua and Barbuda",58,311,58,37,"ATG","Caribbean","prime minister","Parliamentary Democracy",0,2,2,NA,NA,NA,NA,1433.41,0.086881,NA,90.27,NA,NA,NA,NA,NA,NA,NA
"8","AUS",3.08257545464109,NA,NA,0.691316553031657,1.1,1.95180895699173,3.6,4.1,4.5,0.326371683695521,39.8603636498234,9.01527191,39169.5599762226,24.7,0.98182,"East Asia","Australia",900,193,900,50,"AUS","Industrial Countries","prime minister","Parliamentary Democracy",0,1,1,0,NA,10,107,786318,21.5138,3.36606,91.01,"UK",1902,88.38,19.31490323,0.092900001,-0.477969436426083,11.0536246293293
"9","AUT",-5.63906147807862,NA,NA,0.0634752690231794,0.7,0.824770260752985,3.2,3.6,4,0.17382384648412,98.683086269951,11.16524816,41906.7295926896,27.9,0.96807,"Europe","Austria",305,122,305,61,"AUT","Industrial Countries","chancellor","Mixed Democracy",1,1,1,0,NA,10,62,306159,8.34181,2.82026,74.91,"Other",1918,66.12,15.21967582,0.106799997,0.678048316101623,9.96515338771612
"10","AZE",6.33804472365477,5,0.326807425136024,28.9975955934107,2.1,2.79100435652891,31.7,33.9,36,0.579897057091723,74.9859884610856,5.3336001,15627.6056198817,16,NA,"Europe","Azerbaijan",373,912,373,64,"AZE","Eastern Europe/Soviet Union","president","Civilian Dictatorship",0,6,5,1,NA,-7,13,82533.5,8.9436,NA,55.54,"Soviet Union",1921,51.58,24.82046329,0.204699993,NA,NA
"11","BDI",0.0385118006374111,NA,31.1654294902243,NA,3.7,NA,56.8,63.8,70.6,0.10493350848799,48.0956962350074,8.82066864,693.470003441916,32.1,0.90949,"Sub-Saharan Africa","Burundi",516,618,516,150,"BDI","Sub-Saharan Africa","president","Presidential Democracy",1,4,5,0,NA,6,3,5292.49,7.94339,1.5275,74.32,"Belgium",1961,10.32,44.60611337,0.295100003,-1.04871826558293,7.59042625053344
"12","BEL",23.0552997499655,NA,NA,0,1.7,1.08463137597541,3.2,3.6,4,0.222820812980518,151.10010654586,10.16564067,40129.426334665,39.3,0.98407,"Europe","Belgium",211,124,211,80,"BEL","Industrial Countries","prime minister","Parliamentary Democracy",0,1,1,0,NA,8,64,367194,10.6022,3.04742,89.37,"Netherlands",1919,97.22,16.64643736,0.555400014,0.61338979484621,9.98647537313851
"13","BEN",0.766902231818812,12.1,9.96521825075145,0,NA,NA,65.8,71,75.9,0.730218090925207,60.9929899774057,4.94824039,1723.79692585274,10.8,NA,"Sub-Saharan Africa","Benin",434,638,434,310,"BEN","Sub-Saharan Africa","president","Presidential Democracy",0,2,2,0,NA,7,17,13019.9,8.35598,1.72156,65.91,"France",1956,40.5,43.94410675,0.787199974,-0.164853136909756,7.61713778876651
"14","BFA",0.43202179145528,22.5,11.629803469844,NA,0.6,1.37751595196569,63.8,69.7,75.2,0.218258664336106,48.8668309061283,7.17005016,1392.18904933979,15.3,0.87511,"Sub-Saharan Africa","Burkina Faso",439,748,439,1230,"BFA","Sub-Saharan Africa","president/president of Popular Front and head of state","Military Dictatorship",0,5,3,1,NA,0,7,17233.7,15.5153,NA,60.13,"France",1958,18.7,46.99383027,0.737699986,NA,NA
"15","BGD",1.06893486111064,17.2,1.12713266071421,0,2.6,0.0014187900850454,36.1,39.2,42.1,0.520407703801207,37.8028426708321,3.06355993,2401.71873977807,18.6,1.08658,"South Asia","Bangladesh",771,513,771,901,"BGD","South Asia",NA,"Civilian Dictatorship",1,4,4,0,NA,-6,1,226125,145.478,2.01519,51.37,"Other",1972,25.54,35.01910707,0.045400001,-0.651805411278659,8.43574531288187
"16","BGR",3.64137298207894,NA,NA,0.0300693514676928,2,1.76538418638391,10,11.2,12.5,0.871718037114795,103.207384762541,7.24456053,14962.9340522603,20.8,0.96987,"Europe","Bulgaria",355,918,355,130,"BGR","Eastern Europe/Soviet Union","premier","Mixed Democracy",1,2,2,0,NA,9,18,90474.9,7.59132,2.88742,51.05,"Soviet Union",1944,70.26,13.50428877,0.402099997,0.0640869357725603,9.54924442301361
"17","BHR",0.605800045797767,NA,NA,2.97093453913729,0.9,3.27775933240865,6.9,7.1,7.3,1.1331884491306,120.472394522656,3.63764959,39105.3157095522,2.5,NA,"ME and North Africa","Bahrain",692,419,692,65,"BHR","Oil States","king","Royal Dictatorship",0,5,5,NA,NA,-7,33,33846.9,1.05236,2.82438,52.6,"UK",1973,96.72,26.64921764,0.502099991,1.10039653452844,9.47361715385537
"18","BHS",11.0242263179587,NA,NA,NA,26.1,NA,10.6,11.4,12.2,0.311549285802786,89.9870789599448,7.43658423,22431.1376351944,12.2,1.03571,"Latin America","Bahamas, The",31,313,31,69,"BHS","Caribbean","prime minister","Parliamentary Democracy",0,1,1,NA,NA,NA,NA,7714.01,0.333661,NA,NA,NA,NA,NA,NA,NA,NA,NA
"19","BIH",2.58601157838605,NA,2.93066272256544,0,1.5,1.28127395301882,5.7,6.4,7.1,1.23963108311793,81.0271851426225,9.57831611,9042.10622634554,16.7,NA,"Europe","Bosnia and Herzegovina",346,963,346,107,"BIH","Eastern Europe/Soviet Union","chairman of the presidency of the republic","Civilian Dictatorship",0,4,3,0,NA,NA,0,27950.2,3.77416,NA,54.54,NA,NA,NA,NA,NA,NA,NA
"20","BLR",2.5233184845701,NA,0.252061180449802,0.954382573497724,5.1,1.3902323802668,4.1,4.7,5.3,1.13467893485309,120.139339393383,5.55420409,15384.5141544801,31.8,0.9775,"Europe","Belarus",370,913,370,75,"BLR","Eastern Europe/Soviet Union","president","Civilian Dictatorship",0,7,6,1,NA,-7,12,127052,9.68069,NA,74.68,"Soviet Union",1919,72.68,14.73593672,0.3222,NA,NA
"21","BLZ",6.89734576574075,5.7,1.97635246140887,4.86439945833429,40.1,1.09680094515509,14.6,16.3,17.9,0.385485959141896,116.282207086921,5.84584806,7727.45457122219,0,1.00383,"Latin America","Belize",80,339,80,90,"BLZ","Caribbean","prime minister","Parliamentary Democracy",0,1,2,NA,NA,NA,NA,2108.47,0.299237,2.83678,72.69,"UK",1954,48.52,36.15998081,0.701499999,NA,NA
"22","BOL",3.16543364564093,27,3.82042917132069,3.22104767201835,10.6,1.66624358118889,32.9,36.8,40.4,0.773721100694827,75.5113290202791,5.44301385,5298.22135054232,25.4,0.98307,"Latin America","Bolivia",145,218,145,100,"BOL","Latin America","president","Presidential Democracy",1,3,3,0,NA,8,26,36930.4,9.61847,2.86632,87.45,"Spain",1938,64.66,37.67416362,0.739600003,-0.764979986122247,9.34010643510081
"23","BRA",4.00440104412786,5,0.0209265382511698,1.37976108871436,20.9,1.53940698128362,13.3,14.8,16.2,0.190031030875688,22.5173816673688,8.26736921,14114.5928383374,8.6,NA,"Latin America","Brazil",140,223,140,120,"BRA","Latin America","president","Presidential Democracy",1,2,2,0,NA,8,23,1700000,191.543,2.40906,80.6,"Portugal",1934,84.66,27.61850178,0.540799975,0.741120301632974,8.81384419261216
"24","BRB",15.0405494923023,5,0.373712759448369,0.32801029911,11.1,NA,12.4,13.6,14.7,0.332326869285678,96.5766684982804,6.16899137,15035.4176903913,10,1.01148,"Latin America","Barbados",53,316,53,70,"BRB","Caribbean","prime minister","Parliamentary Democracy",0,1,1,NA,NA,NA,NA,6394.79,0.27218,2.83447,65.05,"UK",1950,53.3,18.64657035,0.142299995,NA,NA
"25","BRN",3.50703687947849,5,NA,19.8364706075794,0.3,2.85045478865704,7,7.7,8.3,0.59844292223114,95.3718566078117,2.73321659,77992.2878307711,NA,1.00222,"East Asia","Brunei Darussalam",835,516,835,125,"BRN","Southeast Asia","sultan","Royal Dictatorship",0,6,5,NA,NA,NA,NA,27725.1,0.384695,2.6636,NA,"UK",NA,73.94,29.20661685,0.541599989,NA,NA
"26","BTN",4.74773339866038,NA,8.77333820720273,NA,1.9,NA,30.6,34.1,37.3,0.307612392841083,113.183993820434,5.17176159,6354.39393447452,8.5,1.02008,"South Asia","Bhutan",760,514,760,66,"BTN","South Asia","prime minister","Parliamentary Democracy",0,4,5,NA,NA,3,0,3703.69,0.701363,NA,66.13,"Other",1953,11.44,37.84859963,0.605000019,NA,NA
"27","BWA",1.70787743140059,30.4,1.26394345158089,0,14.8,2.72685678118984,36.3,39.8,43.2,0.375112665231735,94.8997962938035,5.64265217,12854.1607344746,7.9,NA,"Sub-Saharan Africa","Botswana",571,616,571,110,"BWA","Sub-Saharan Africa","president","Military Dictatorship",0,2,2,0,NA,8,42,32043.1,1.95482,2.81356,84.75,"UK",1965,58.16,37.32416858,0.4102,-0.124826838105113,9.58624966858509
"28","CAF",3.09766063105272,34.1,13.0779456229295,NA,NA,2.59742642993907,93.7,101.7,109.5,0.132941604429952,38.3170635219346,3.89743425,870.739337462969,9.6,NA,"Sub-Saharan Africa","Central African Republic",482,626,482,190,"CAF","Sub-Saharan Africa","president","Military Dictatorship",1,5,5,1,NA,-1,5,3277.5,4.23796,1.62194,44.28,"France",1986,38.18,42.81443688,0.82950002,-0.581618329100257,7.35096099303794
"29","CAN",1.84162536487322,NA,NA,1.58636760794229,1.4,1.19715293198912,4.5,4.9,5.3,0.305309431640466,60.0607292686317,11.20113293,40027.2402088674,22.1,0.98931,"North America","Canada",20,156,20,180,"CAN","Industrial Countries","prime minister","Parliamentary Democracy",0,1,1,0,NA,10,120,1200000,33.328,3.38312,68.28,"UK",1917,80.22,17.26190802,0.712400019,-0.126102739942567,10.7234182464815
"30","CHE",3.04032684400417,NA,NA,0,0.7,0.708080592342596,3.5,3.9,4.2,0.0670923820185843,117.77154292799,11.07054472,52935.8041360887,29,0.98144,"Europe","Switzerland",225,146,225,1100,"CHE","Industrial Countries","president of the confederation","Presidential Democracy",0,1,1,0,NA,10,160,339043,7.5732,2.89656,48.4,"none",1971,75.56,16.19916093,0.531400025,0.48091513952801,10.3959200761436
"31","CHL",7.22870664979301,5,0.0929146343263381,0.0344350102492647,3.2,2.1637184708452,6.9,7.6,8.2,0.332129608995766,69.7292983830002,6.96860594,18249.5407673687,14.2,0.99811,"Latin America","Chile",155,228,155,220,"CHL","Latin America","president","Presidential Democracy",2,1,1,0,NA,10,19,231741,16.7956,2.9302,49.25,"Spain",1931,87.88,24.29440609,0.186100006,0.0377390308206106,9.77415616444157
"32","CHN",3.99473201600278,12.5,0.0110607385866832,1.18483714779914,1,1.8965298861982,12.5,13.5,14.4,1.43721083456304,48.8893004338907,4.88633979,9333.12488219983,21.3,0.98941,"East Asia","China",710,924,710,230,"CHN","East Asia","chairman of Communist Party","Civilian Dictatorship",0,7,6,0,NA,-7,59,9700000,1305.24,2.53626,NA,"none",1949,41.3,20.88730942,0.153799996,-0.352318204979433,9.49364337116923
"33","CIV",1.43912409945484,14.7,3.52057752328724,2.86807268323061,NA,1.55796604921668,68.1,76.9,85.4,0.247713466329345,93.9594342201443,6.32384065,2671.13955296331,8.9,NA,"Sub-Saharan Africa","Cote d'Ivoire",437,662,437,580,"CIV","Sub-Saharan Africa","president","Civilian Dictatorship",0,6,5,1,NA,0,0,35605.5,18.987,1.79083,36.56,"France",1952,45.44,41.52335419,0.8204,0.308418100848673,7.58184235835555
"34","CMR",2.2679350819698,13.4,2.31277799646725,5.07996372385647,3.5,1.49880257337107,60,66.2,72.3,0.287026673599425,40.3609998330723,5.28483734,2522.88180995012,13.9,NA,"Sub-Saharan Africa","Cameroon",471,622,471,170,"CMR","Sub-Saharan Africa","president","Civilian Dictatorship",0,6,6,1,NA,-4,16,41137.4,18.7588,2.09775,76.79,"France",1946,55.46,40.82490469,0.863499999,-0.262112638124732,8.09526974062299
"35","COG",7.73188906671356,31.5,14.5660434418163,46.3451003603777,NA,1.81872994981216,37.9,42.2,46.3,0.160325961396545,139.817596332832,2.29284845,5482.1113761029,7.3,NA,"Sub-Saharan Africa","Congo, Rep.",484,634,484,250,"COG","Sub-Saharan Africa","president","Military Dictatorship",2,6,6,1,NA,-4,11,10577.8,3.83634,2.13866,NA,NA,NA,NA,NA,NA,NA,NA
"36","COL",2.24025634451712,10.7,0.244313904820983,4.04881062162004,32.7,3.63114856383642,13.9,15.9,17.7,0.265361548768019,33.7008463565561,6.75752454,10680.0020763025,12.7,1.03843,"Latin America","Colombia",100,233,100,240,"COL","Latin America","president","Presidential Democracy",1,3,4,0,NA,7,51,365332,45.0058,2.42615,43.58,"France",1954,73,30.57478161,0.601400018,0.306169466318254,8.96995884060626
"37","COM",1.57254809592091,NA,12.901147244541,NA,NA,NA,57.4,63.1,68.3,0.241935170763641,68.1608098329965,5.82480352,1366.09713616737,3,NA,"Sub-Saharan Africa","Comoros",581,632,581,245,"COM","Sub-Saharan Africa","president","Presidential Democracy",1,3,4,NA,NA,9,2,849.015,0.697034,NA,71.35,"France",1956,37.68,41.76313174,0,NA,NA
"38","CPV",NA,NA,NA,NA,NA,NA,NA,NA,NA,NA,NA,NA,NA,NA,NA,"Sub-Saharan Africa","Cape Verde",402,624,402,185,"CPV","Sub-Saharan Africa","prime minister","Mixed Democracy",0,1,1,NA,NA,10,17,2060.02,0.487371,NA,65.93,"Portugal",1975,58.04,38.98751557,0.417400002,NA,NA
"39","CRI",4.97838745878528,5.3,0.263802303248817,0,11.6,0,8,8.9,9.7,0.203084656393752,68.2185757123969,9.65747228,12737.039791113,38.6,1.00734,"Latin America","Costa Rica",94,238,94,270,"CRI","Latin America","president","Presidential Democracy",2,1,1,0,NA,10,89,41725.8,4.52212,2.64226,68.38,"Spain",1949,62.22,27.76021479,0.2368,-0.331829686718355,9.78409923336015
"40","CUB",NA,5,0.210586063638488,1.2288058225756,4.5,3.32685611242383,4.3,4.9,5.4,0.59655445529163,40.2919413008332,10.19428176,NA,43.2,1.00055,"Latin America","Cuba",40,928,40,280,"CUB","Latin America","first secretary of Communist Party (acting for Fidel Castro)","Military Dictatorship",1,7,6,0,NA,-7,47,NA,NA,NA,90.88,"Spain",1934,75.36,18.70357362,0.590799987,NA,NA
"41","CYP",53.190953040185,NA,NA,0,0.7,1.86844218762144,2.7,3,3.2,0.301539711909635,107.690872820539,7.2339653,33294.9185777513,12.5,1.00617,"Europe","Cyprus",352,423,352,290,"CYP","Industrial Countries","president","Presidential Democracy",0,1,1,NA,NA,10,34,22938.8,0.793,2.88384,NA,"UK",1960,69.5,19.3821891,0.093900003,0.556954246876273,9.85620582218569
"42","CZE",4.91162096099524,NA,NA,0.0262492618049893,0.1,1.20662395340408,3,3.4,3.8,0.538989988365387,129.254554840576,7.4318989,27659.2652379998,22,1.00215,"Europe","Czech Republic",316,935,316,301,"CZE","Eastern Europe/Soviet Union","prime minister","Parliamentary Democracy",1,1,1,0,NA,9,15,246746,10.3774,3.44495,59.48,"Soviet Union",1920,73.5,14.32342543,0.3222,-0.159713988410283,10.3874300292126
"43","DEU",2.51817911633028,NA,NA,0.0224608587754165,0.1,1.35365069029402,3.1,3.5,3.8,0.221969896116757,79.3030782229871,11.25156004,39263.1877913261,32.8,0.96314,"Europe","Germany",255,134,255,420,"DEU","Industrial Countries","chancellor","Parliamentary Democracy",1,1,1,0,NA,10,18,2800000,82.4753,3.32209,71.53,"none",1918,75.28,14.07863082,0.168200001,0.236189595723918,10.3418530657365
"44","DJI",3.23415329697175,23.1,NA,NA,NA,NA,56.3,62.2,67.7,0.458126563666005,NA,8.84146484,2644.62822884592,13.8,NA,"ME and North Africa","Djibouti",522,611,522,325,"DJI","Sub-Saharan Africa","president","Civilian Dictatorship",0,5,5,NA,NA,2,9,2638.43,0.855636,NA,69.16,"France",1946,86.5,41.13021772,0.796199977,NA,NA
"45","DMA",4.929222780417,NA,6.69924111969196,NA,21.1,NA,15.9,17.2,18.4,0.282177223138019,89.1337669207506,5.71976867,10029.5674834664,12.5,1.02972,"Latin America","Dominica",54,321,54,327,"DMA","Caribbean","prime minister","Parliamentary Democracy",0,1,1,NA,NA,NA,NA,697.089,0.068159,NA,56.31,"UK",1951,73.24,NA,0.200299993,NA,NA
"46","DNK",-3.65423179670823,NA,NA,1.16570048452706,0.8,1.39862147873519,3,3.3,3.6,0.144849235479142,94.0999797893453,11.08183797,43082.7555384582,38,1.00594,"Europe","Denmark",390,128,390,320,"DNK","Industrial Countries","prime minister","Parliamentary Democracy",0,1,1,0,NA,10,63,198750,5.49731,2.91902,85.89,"none",1915,85.72,18.71525838,0.081900001,0.54031220505121,10.1305658874618
"47","DOM",3.37362999135115,18.1,0.335411740080339,0,25,0.667881925181034,25.2,27.9,30.5,0.401262847377318,55.9071660724056,4.06246968,10898.5193877099,20.8,0.9735,"Latin America","Dominican Republic",42,243,42,330,"DOM","Latin America","president","Presidential Democracy",0,2,2,0,NA,8,12,75670,9.66495,2.35593,67.77,NA,NA,NA,NA,NA,NA,NA
"48","DZA",1.42696364955657,5.1,0.125139976960607,17.6534992487874,0.7,3.51802320367043,22,23.5,24.9,0.7392811812637,69.8666617555721,5.11715468,12638.3804104669,7.7,0.99063,"ME and North Africa","Algeria",615,612,615,30,"DZA","Middle East/North Africa","president","Civilian Dictatorship",0,6,5,0,NA,2,4,NA,NA,NA,43.14,"France",1962,63.94,28.94153568,0.339399993,NA,NA
"49","ECU",0.237681616091017,14.4,0.220316399246891,10.2428418950085,17.7,3.01055129218138,18.5,21.3,24,0.547397888073828,60.3032387134123,5.9021487,9163.15790938064,32.3,1.02254,"Latin America","Ecuador",130,248,130,340,"ECU","Latin America","president","Presidential Democracy",3,3,3,0,NA,5,8,98189.3,14.0567,2.5509,80.84,"Spain",1929,63.28,31.97443877,0.654999971,0.284405652064962,8.83854049612299
"50","EGY",2.91728670976297,5,0.279300097511353,7.25661318803335,2.2,2.05349743079728,22.7,24.3,25.8,0.926113475712581,47.9363500745898,4.79725822,9897.74855125737,12.7,0.97116,"ME and North Africa","Egypt, Arab Rep.",651,469,651,NA,"EGY","Middle East/North Africa","president","Military Dictatorship",0,6,5,0,NA,-3,3,425747,78.3233,2.26756,NA,NA,NA,NA,NA,NA,NA,NA
"51","ERI",4.29845543627307,NA,7.73810942884415,0,NA,NA,34.6,39.4,43.9,0.242499016689436,28.1343228728752,3.24031896,1299.28989642603,22,0.81602,"Sub-Saharan Africa","Eritrea",531,643,531,375,"ERI","Sub-Saharan Africa","president","Civilian Dictatorship",0,7,6,0,NA,-7,15,NA,NA,NA,NA,"Other",1955,19.84,44.64153736,0.652400017,NA,NA
"52","ESP",2.86518349381935,NA,NA,0.00265259243243929,0.8,1.37684809045686,3.6,3.9,4.2,0.189226628442807,52.344638282637,9.55574089,31984.1552475027,36.6,1.00989,"Europe","Spain",230,184,230,1060,"ESP","Industrial Countries","prime minister","Parliamentary Democracy",1,1,1,0,NA,10,30,1400000,45.1463,2.95822,69.84,"Spain",1931,76.84,14.42862766,0.416500002,0.647176244562703,9.72581966607711
"53","EST",13.3018212284888,NA,NA,0.242217917798885,5.3,1.70352657861602,3.2,3.6,3.9,0.928973931354742,143.800134950291,6.24878186,21623.4451075243,22.8,0.99372,"Europe","Estonia",366,939,366,360,"EST","Eastern Europe/Soviet Union","prime minister","Parliamentary Democracy",1,1,1,0,NA,9,8,26956.7,1.34214,3.29006,64.23,"Soviet Union",1918,69.14,14.89296341,0.506200016,-0.0131133635554333,9.99464679022817
"54","ETH",0.963030625359937,37.6,11.5845545588848,0,NA,1.13378246661117,44.8,50.8,56.5,0.220016640941199,NA,6.86140983,1053.79672527899,27.8,0.90073,"Sub-Saharan Africa","Ethiopia",529,644,529,370,"ETH","Sub-Saharan Africa","president","Civilian Dictatorship",0,5,5,0,NA,-3,3,62361,79.4464,NA,93.22,"none",1955,16.28,44.2432999,0.723500013,NA,NA
"55","FIN",4.93370411530286,NA,NA,0,2.2,1.37199358631748,2.2,2.5,2.7,0.249823733591662,76.089791555318,9.0454216,38812.3188865779,40,1.02245,"Europe","Finland",375,172,375,380,"FIN","Industrial Countries","prime minister","Mixed Democracy",0,1,1,0,NA,10,64,184771,5.31633,2.90935,66.85,"none",1906,61.2,17.06391914,0.131500006,0.472703262862918,10.0937897094337
"56","FJI",11.3407304760056,5,2.49217011242955,NA,2.8,1.60512894970238,18.4,20.3,22,0.509093297779921,121.73085486595,4.22789631,7203.34899291931,NA,NA,"East Asia","Fiji",950,819,950,1216,"FJI","Pacific Islands/Oceania","prime minister","Military Dictatorship",1,6,4,NA,NA,-4,1,4437.18,0.843651,2.8985,84.6,"UK",1963,51.32,31.32864906,0.547900021,-0.458212683164853,9.34051401793135
"57","FRA",1.46958830739346,NA,NA,0.0104511492189589,1.3,2.33417280424482,3.2,3.5,3.9,0.133271542529051,53.9684390294429,11.19721933,36026.982564473,18.9,0.99862,"Europe","France",220,132,220,390,"FRA","Industrial Countries","prime minister","Mixed Democracy",0,1,1,0,NA,9,39,2e+06,64.0024,2.98731,55.4,"France",1944,76.92,18.12014992,0.103200004,0.454075754260486,10.037947698111
"58","FSM",0.272000413440628,NA,20.788051361106,NA,NA,NA,29.4,32.9,36.3,0.411438025385798,NA,13.83044533,3269.641342827,0,NA,"East Asia","Micronesia, Fed. Sts.",987,868,987,812,"FSM","Pacific Islands/Oceania","president","Presidential Democracy",0,1,1,NA,NA,NA,NA,NA,NA,NA,NA,NA,NA,NA,NA,NA,NA,NA
"59","GAB",3.47527297652563,5,0.852048382927829,31.4193026847041,NA,1.871622565898,37.8,42.8,47.6,0.315914083528766,89.1576627248353,3.4057095,16004.0545161551,14.7,NA,"Sub-Saharan Africa","Gabon",481,646,481,400,"GAB","Sub-Saharan Africa","president","Civilian Dictatorship",0,6,4,0,NA,-4,17,26759.8,1.45031,2.54024,34.28,"France",1956,84.08,39.55916647,0.768999994,0.891874056665093,8.78872331971432
"60","GBR",2.7467266836765,NA,NA,0.737655083873705,1.2,2.39055378300843,3.9,4.4,4.8,0.203163873001878,59.2218203695024,9.50702943,35740.7372005297,22,0.99564,"Europe","United Kingdom",200,112,200,1210,"GBR","Industrial Countries","prime minister","Parliamentary Democracy",0,1,1,0,NA,10,128,2e+06,61.2703,2.79734,66.12,"UK",1918,89.78,17.69861878,0.121100001,0.125048891104102,10.3589975241601
"61","GEO",7.46756790612424,9,5.56019085024579,0.13333850626825,4.4,3.9024527954706,12.9,14.9,16.7,0.477337061544062,87.7155968378765,10.05158367,6597.5685567345,6.5,NA,"Europe","Georgia",372,915,372,415,"GEO","Eastern Europe/Soviet Union","prime minister","Mixed Democracy",0,4,4,0,NA,6,17,22600.6,4.39402,NA,59.76,"Soviet Union",1918,52.3,18.36641025,0.492300004,NA,NA
"62","GHA",7.85506708457028,6.5,5.36399010367625,0.219346833729918,1.7,0.380677683292731,45,50.2,55.1,0.309432020347829,75.3778157916824,5.33452117,3021.48497625548,8.3,NA,"Sub-Saharan Africa","Ghana",452,652,452,440,"GHA","Sub-Saharan Africa","president","Presidential Democracy",2,1,2,0,NA,8,7,57656.7,23.2642,2.33262,80.01,"UK",1954,48.54,38.58564171,0.673300028,-0.483063063859854,8.49656676736894
"63","GIN",2.1400112131185,18.3,5.13612017984604,NA,NA,NA,64.8,71.2,77.2,0.549745337359538,64.8775156580157,4.54713891,1147.08498591832,NA,NA,"Sub-Saharan Africa","Guinea",438,656,438,470,"GIN","Sub-Saharan Africa","president/chairman National Council for Democracy and Development","Military Dictatorship",0,7,5,1,NA,-1,13,10982.5,9.55911,NA,63.53,"Portugal",1958,33.46,43.60147739,0.738900006,NA,NA
"64","GMB",3.92325375283891,8.8,12.8232022274901,NA,NA,NA,46.6,51.7,56.5,0.496670077132798,66.4556627533664,5.75051063,1621.43160048143,7.5,0.99853,"Sub-Saharan Africa","Gambia, The",420,648,420,410,"GMB","Sub-Saharan Africa","president","Military Dictatorship",0,5,4,1,NA,-5,11,2631.75,1.63611,1.57242,NA,NA,NA,NA,NA,NA,NA,NA
"65","GNB",3.10046022045144,23,15.1558835681623,NA,NA,2.02400463774754,65.7,73.4,80.6,0.281632836581163,55.3273262097149,6.69821693,1299.72561697952,10,NA,"Sub-Saharan Africa","Guinea-Bissau",404,654,404,475,"GNB","Sub-Saharan Africa","prime minister","Mixed Democracy",1,4,4,0,NA,6,3,1760.32,1.45376,NA,88.57,"Spain",1977,29.68,47.65148617,0.808200002,NA,NA
"66","GNQ",16.7745065497499,NA,0.88900547626106,30.4594133568135,NA,NA,71.8,78.9,85.5,0.287086537676965,144.668225001248,3.83919384,43124.9830622431,10,NA,"Sub-Saharan Africa","Equatorial Guinea",411,642,411,355,"GNQ","Sub-Saharan Africa","president","Military Dictatorship",0,7,7,NA,NA,-5,39,11999.6,0.662327,NA,92.7,"Spain",1963,39.06,44.52425058,0.346700013,NA,NA
"67","GRC",0.178265195341165,NA,NA,0.0118600042980919,1.6,2.72700992554632,3.8,4.1,4.4,0.278877758209567,52.8290979327057,9.18486746,28202.8333605299,17.3,0.95818,"Europe","Greece",350,174,350,450,"GRC","Industrial Countries","prime minister","Parliamentary Democracy",2,1,2,0,NA,10,33,305475,11.2918,3.0063,63.6,"Ottoman",1927,59.14,14.20254311,0.157600001,0.250699431112853,9.99647829454385
"68","GRD",7.83652606669152,NA,4.6283995845826,NA,9.6,NA,11,11.9,12.8,0.337680459964581,75.7940281674553,6.40660082,10951.8841081545,13.3,0.99472,"Latin America","Grenada",55,328,55,455,"GRD","Caribbean","prime minister","Parliamentary Democracy",1,1,2,NA,NA,NA,NA,897.891,0.103723,NA,87.73,"UK",1951,30.68,NA,0.266099989,NA,NA
"69","GTM",2.04555430065321,14.8,0.96999428833962,0.427580836729019,40.5,0.410755654730041,25.2,28.4,31.4,0.282176954501508,62.1149322621485,6.63841729,6532.75761376872,12,0.95902,"Latin America","Guatemala",90,258,90,460,"GTM","Latin America","president","Presidential Democracy",3,3,4,0,NA,8,12,54739.7,13.6908,1.80475,71.13,"Spain",1946,47.66,42.95604225,0.512199998,0.885471399553569,7.89911303277258
"70","GUY",8.76382140186753,11.9,7.36907967268459,NA,18.6,1.37543688813925,29.2,33.5,37.7,0.761223313880001,131.296840494531,6.60294394,5666.10456143657,30,0.97877,"Latin America","Guyana",110,336,110,480,"GUY","Caribbean","president","Civilian Dictatorship",0,2,3,NA,NA,6,16,NA,NA,NA,72.19,"UK",1953,28.26,29.05335674,0.619499981,NA,NA
"71","HND",3.08231289148346,14.9,4.22615837739563,0,83.1,1.07445720815541,18.2,20.7,22.9,0.507050543742838,109.441838241682,8.4510228,4249.09310308345,18,1.06612,"Latin America","Honduras",91,268,91,500,"HND","Latin America","president","Presidential Democracy",2,3,3,0,NA,7,26,20806.1,7.30274,2.32972,61.16,"Spain",1955,46.96,38.64032085,0.186700001,-0.602465805566458,8.95692665720479
"72","HRV",2.38621552958199,NA,0.226794037924591,0.252507487599631,1.4,1.70262502833331,4.2,4.6,4.9,0.34254877856702,75.8976304659573,8.24785313,19205.3613729581,23.5,1.04966,"Europe","Croatia",344,960,344,275,"HRV","Eastern Europe/Soviet Union","prime minister","Mixed Democracy",0,2,2,0,NA,9,8,80932.7,4.41839,2.72081,52.59,"Soviet Union",1945,56.76,15.26490637,0.368999988,0.593103420828708,9.26984133638234
"73","HTI",2.68779042049784,50.6,45.7135020843877,0,6.8,0,66.3,85.5,77.7,0.321154715378654,80.091177440139,8.09463583,1471.64864918954,11.1,NA,"Latin America","Haiti",41,263,41,490,"HTI","Caribbean","president","Civilian Dictatorship",0,4,5,0,NA,5,2,NA,NA,NA,17.82,"France",1950,39.46,37.13737599,0.094999999,NA,NA
"74","HUN",-16.0707736550022,NA,NA,0.173980267284975,1.4,1.03705248856416,5.2,5.7,6.1,0.385510314596155,159.163575882655,7.85048555,21466.5742153699,9.1,0.98597,"Europe","Hungary",310,944,310,62,"HUN","Eastern Europe/Soviet Union","prime minister","Parliamentary Democracy",0,1,1,0,NA,10,18,185918,10.0219,3.25894,61.84,"Soviet Union",1953,66.7,15.46747007,0.152199998,-0.27031403178514,10.2445663484628
"75","IDN",2.02517913834177,13.5,0.189105047590864,2.22292196032569,0.4,0.617587091951932,24,27.4,30.7,0.567823631153285,46.7012738758737,2.7406754,8294.0543496695,18,1.02158,"East Asia","Indonesia",850,536,850,530,"IDN","Southeast Asia","president","Presidential Democracy",0,2,3,0,NA,8,9,963107,234.951,2.03943,75.11,"Netherlands",1945,49.22,27.98553938,0.735099971,0.966742893683496,8.05655129999134
"76","IND",1.65383983482698,15.7,0.172786961004405,0.913376338831758,3.4,2.79228533051036,47,46.3,45.5,1.03810833094355,49.6905381249482,4.27967981,4315.43962747416,10.8,0.97863,"South Asia","India",750,534,750,520,"IND","South Asia","prime minister","Parliamentary Democracy",0,2,3,0,NA,9,58,3700000,1190.86,1.89028,66.4,"UK",1950,28.98,31.63061893,0.418199986,-0.0176840098516239,8.38763849171916
"77","IRL",17.0600867551126,NA,NA,0,1.1,0.575679369359951,3.2,3.5,3.8,0.181795558529013,190.109736227566,8.76096475,43221.459790241,13.9,1.01958,"Europe","Ireland",205,178,205,1212,"IRL","Industrial Countries","prime minister","Mixed Democracy",0,1,1,0,NA,10,87,172646,4.35287,3.24044,65.09,"UK",1918,60.8,20.10201592,0.1206,-0.0414762787153993,10.7155686840097
"78","IRN",0.780044619543587,6.4,0.0240323181978955,20.2060430728411,NA,2.89901393228338,15.5,16.4,17.3,1.29377726897425,45.7354503558914,8.01924969,17163.0792678197,2.8,0.986,"ME and North Africa","Iran, Islamic Rep.",630,429,630,540,"IRN","Middle East/North Africa","""rahbar, or spiritual leader""""""""""","Civilian Dictatorship",0,6,6,0,NA,-6,4,935435,72.2893,2.63269,NA,NA,NA,NA,NA,NA,NA,NA
"79","IRQ",1.00796493975113,25.2,1.55474925993282,40.8265315860986,8.3,2.58538933978137,27,30,32.7,0.809978245614708,73.4974796202443,3.82046695,12417.7696665771,25.2,NA,"ME and North Africa","Iraq",645,433,645,550,"IRQ","Middle East/North Africa","Commanders of the military occupation/USCENTCOM","Military Dictatorship",0,6,6,0,NA,NA,0,126260,29.8211,2.0447,60.53,"UK",1980,66.84,NA,0.368900001,1.18598183946458,8.24090192393722
"80","ISL",-0.702648878022032,NA,NA,0,0.6,0.150034592508886,1.7,1.9,2,0.14800993654913,97.1354563649908,8.85548842,38410.6693030689,42.9,1.01306,"Europe","Iceland",395,176,395,510,"ISL","Industrial Countries","prime minister","Mixed Democracy",0,1,1,0,NA,NA,NA,11549.8,0.310666,3.02046,81.44,"none",1915,92.88,21.70745087,0.079800002,NA,NA
"81","ISR",2.35700025972273,NA,NA,0.000242650244292535,2,6.22847503305815,3.4,3.7,3.9,0.294671782318031,67.9894600627682,7.35697387,28856.1027382105,19.2,1.01356,"ME and North Africa","Israel",666,436,666,560,"ISR","Middle East/North Africa","prime minister","Parliamentary Democracy",0,1,2,0,NA,10,60,169626,7.09232,3.21029,72.34,"UK",1948,91.62,27.68075492,0.343600005,-0.0524594972736104,10.3225362802267
"82","ITA",0.46760520893425,NA,NA,0.0738033935618876,0.9,1.69559076391421,3.1,3.4,3.7,0.190741615558142,52.3455979201349,9.41991203,35075.7532036536,21.3,0.98756,"Europe","Italy",325,136,325,570,"ITA","Industrial Countries","prime minister","Parliamentary Democracy",1,1,2,0,NA,10,60,1900000,59.8915,2.80329,75.19,"none",1945,67.76,13.96527647,0.114500001,0.557424404308083,9.90784097452049
"83","JAM",1.40822014056378,8.2,1.09698100388003,0,52.8,0.874212851673886,13.5,15.5,17.5,0.55009603087261,80.9234803775709,5.29687787,8051.84614895261,13.3,NA,"Latin America","Jamaica",51,343,51,590,"JAM","Caribbean","prime minister","Parliamentary Democracy",0,2,3,NA,NA,9,49,14209,2.72028,2.86707,47.72,"UK",1944,53.42,30.73968465,0.412900001,-0.724159392261663,9.71781607165457
"84","JOR",6.38929090969812,5,3.64161255306082,0.00181456436697681,1.8,5.89542083087282,16.7,17.8,18.8,0.801524612004185,117.258166783475,8.4176322,10229.9175071295,10.8,1.02489,"ME and North Africa","Jordan",663,439,663,610,"JOR","Middle East/North Africa","king","Royal Dictatorship",0,5,5,0,NA,-3,19,35275.6,5.84895,2.73757,36.13,"UK",1974,82.62,36.74519231,0.592599988,0.038551059426302,9.19452073566764
"85","JPN",0.130541286370684,NA,NA,0.00157224632629361,0.4,0.958851325032142,2.2,2.4,2.5,0.205582693166819,28.6130077131406,9.57849715,34996.3244625316,11.3,1.00052,"East Asia","Japan",740,158,740,600,"JPN","Industrial Countries","prime minister","Parliamentary Democracy",0,1,2,0,NA,10,56,3900000,126.545,3.24019,52.66,"none",1945,66,13.93365728,0.0119,-0.108427162411441,10.5714254820122
"86","KAZ",5.03630628288047,5,0.164598843457736,13.8134526348709,9.5,1.01441556484772,16.2,19.3,22.2,1.66582124523522,74.1382658957842,4.42042194,19690.3849700205,17.8,1.00499,"Europe","Kazakhstan",705,916,705,615,"KAZ","Eastern Europe/Soviet Union","president","Civilian Dictatorship",0,6,5,1,NA,-6,17,215010,15.6553,2.96847,77.1,"Soviet Union",1924,57.56,22.55397681,0.6171,0.369600976185416,9.51828474680667
"87","KEN",0.445165309313035,24.8,4.09331702658091,0,5.6,1.55513786793997,38.4,42.4,46.1,0.304363592920963,54.2274463675113,3.97371597,2487.22455217034,9.8,NA,"Sub-Saharan Africa","Kenya",501,664,501,620,"KEN","Sub-Saharan Africa","president","Presidential Democracy",0,4,3,0,NA,7,6,60447.5,38.4554,2.20765,85.91,"UK",1919,21,42.76693896,0.858799994,-0.383794174805404,8.20271690491098
"88","KGZ",8.39328054351037,7.9,8.55189318243518,0.34708156835683,19.6,3.8458169990103,23.4,26.5,29.4,1.33161671967057,133.232850492333,6.65733621,2733.72933718566,23.3,0.99493,"Europe","Kyrgyz Republic",703,917,703,645,"KGZ","Eastern Europe/Soviet Union","prime minister","Mixed Democracy",0,5,4,1,NA,3,0,11149.9,5.2041,2.67707,NA,NA,NA,NA,NA,NA,NA,NA
"89","KHM",6.53959432922016,17,6.84197346020985,0,2.3,1.49309688103032,32.3,36.7,40.9,0.445887412581359,113.603718236027,5.95280478,2462.45278970169,21.1,NA,"East Asia","Cambodia",811,522,811,160,"KHM","Southeast Asia","prime minister","Civilian Dictatorship",0,6,5,0,NA,2,10,31791.6,13.8226,1.81733,68.49,"France",1955,20.32,36.51622273,0.210500002,-0.300332707867058,8.10924590903477
"90","KIR",-4.30757237219502,5,10.5098060047958,NA,3.9,NA,43.3,48.3,53,0.406711001822845,93.2106493422557,10.51872977,1696.57808419838,4.3,NA,"East Asia","Kiribati",946,826,946,625,"KIR","Pacific Islands/Oceania","president","Parliamentary Democracy",0,1,1,NA,NA,NA,NA,NA,NA,NA,67.54,"UK",NA,48.22,NA,0.051100001,NA,NA
"91","KNA",16.4916234292764,NA,1.69853064714588,NA,40.1,NA,9,10,10.9,0.369292657922089,82.2006927613609,5.49998123,20615.5990873683,6.7,0.99744,"Latin America","St. Kitts and Nevis",60,361,60,1063,"KNA","Caribbean","prime minister","Parliamentary Democracy",0,1,1,NA,NA,NA,NA,703.225,0.051102,NA,NA,NA,NA,NA,NA,NA,NA,NA
"92","KOR",0.867739217755677,5,NA,0.00173589382577918,NA,2.57425069627316,3.3,3.5,3.8,0.517786073467816,95.6540937068287,6.79430738,30465.2450528476,14.7,0.98908,"East Asia","Korea, Rep.",732,542,732,632,"KOR","East Asia","president","Presidential Democracy",1,1,2,0,NA,8,20,1200000,47.734,3.3098,NA,NA,NA,NA,NA,NA,NA,NA
"93","KWT",1.13033982636588,5,NA,48.0283885877705,2,3.7561481418781,8.6,9.2,9.9,0.776519528348716,97.028032806213,2.7596631,72204.3813019722,7.7,0.98041,"ME and North Africa","Kuwait",690,443,690,640,"KWT","Oil States","emir","Royal Dictatorship",0,4,4,0,NA,-7,44,202062,2.54835,2.1397,51.9,"UK",NA,98.32,24.18561946,0.660399973,NA,NA
"94","LAO",3.91153218968315,22.8,6.19274552105192,NA,NA,0.215444017007026,52.5,59,65.3,0.229965865336336,74.2173688610949,2.74584753,3894.02521444801,25.2,0.88991,"East Asia","Lao PDR",812,544,812,650,"LAO","Southeast Asia","general secretary of the Lao People's Revolutionary Party (PPPL)","Military Dictatorship",1,7,6,0,NA,-7,33,13917.5,6.022,1.88435,NA,NA,NA,NA,NA,NA,NA,NA
"95","LBN",11.2598959128267,5,1.18687342633761,0,3.8,4.17102966841187,8.4,8.7,9,0.527620343324608,98.1169284467714,7.19133602,15951.901363067,3.1,0.95779,"ME and North Africa","Lebanon",660,446,660,670,"LBN","Middle East/North Africa","president","Military Dictatorship",1,5,4,0,NA,6,3,54399.1,4.16691,NA,53.98,"France",1952,86.72,28.20186921,0.131400004,NA,NA
"96","LBR",34.9921360249379,34.9,127.050553446205,NA,3.3,0.654290939462926,59.8,65.2,70.3,0.615564930098474,190.222442674313,11.86712183,683.792125841842,12.5,NA,"Sub-Saharan Africa","Liberia",450,668,450,690,"LBR","Sub-Saharan Africa","president","Presidential Democracy",0,3,4,0,NA,6,2,1953.5,3.65846,1.83999,71.64,"UK",1946,58.78,47.19851075,0.908399999,-1.07888122802922,7.60653518987394
"97","LBY",2.38587375822134,NA,0.0101813868998585,54.1129798587396,NA,NA,12.6,14.3,15.8,0.820463870316607,107.702458748139,3.05255664,28583.4659963526,7.7,NA,"ME and North Africa","Libya",620,672,620,700,"LBY","Oil States","Leader of the Revolution","Military Dictatorship",0,7,7,1,NA,-7,57,NA,NA,NA,41.74,"Other",1964,85.1,29.83811542,0.791999996,NA,NA
"98","LCA",9.76710478920681,NA,3.42253466069129,NA,24.8,NA,12.7,14.1,15.5,0.324802587782222,112.432643885949,8.09611928,10333.8540945777,11.1,NA,"Latin America","St. Lucia",56,362,56,NA,"LCA","Caribbean","prime minister","Parliamentary Democracy",0,1,1,NA,NA,NA,NA,1483.92,0.170624,NA,NA,"UK",1924,27.68,28.19861061,0.176899999,NA,NA
"99","LIE",NA,NA,NA,NA,2.8,NA,NA,NA,NA,0.0108227142291148,NA,NA,NA,24,0.88459,"Europe","Liechtenstein",223,NA,223,705,"LIE","Industrial Countries","chief of government","Parliamentary Democracy",0,1,1,NA,NA,NA,NA,NA,NA,NA,79.8,"none",1984,14.56,NA,0.572600007,NA,NA
"100","LKA",0.841873473268339,26,1.03303217472807,0,3.8,2.70074784039336,8.4,9.4,10.3,0.241317429863769,46.3638903666358,3.43256993,8389.99039305163,5.3,0.99719,"South Asia","Sri Lanka",780,524,780,200,"LKA","South Asia","prime minister","Presidential Democracy",1,4,4,0,NA,6,60,99842,20.4738,3.13559,77.66,"UK",1931,15.1,23.72645875,0.414999992,-1.14145072594773,10.1762453803608
"101","LSO",0.397437958859835,11.4,9.14864481488438,NA,38,2.95388294814892,68.3,75.2,81.9,0.944286342756471,NA,10.87000705,2356.65615730022,24.2,1.07465,"Sub-Saharan Africa","Lesotho",570,666,570,680,"LSO","Sub-Saharan Africa","prime minister","Civilian Dictatorship",0,2,3,0,NA,8,6,3831.7,2.12741,2.17744,46.61,"UK",1965,18.98,38.23343799,0.254999995,-0.79107964052119,8.55607865131376
"102","LTU",2.3303428376593,NA,NA,0.0823585649134172,7,0.878852641136863,5.1,5.6,6.1,0.362724505298061,132.561782049621,7.09033823,20129.6537866722,19.1,0.98335,"Europe","Lithuania",368,946,368,710,"LTU","Eastern Europe/Soviet Union","prime minister","Mixed Democracy",1,1,1,0,NA,10,17,59308.2,3.3598,3.0608,52.93,"Soviet Union",1921,66.56,16.11683389,0.322299987,0.0537006394624423,9.85624868014978
"103","LUX",73.9538597224805,NA,NA,0,2,0.518153437164899,1.7,1.9,2,0.207297779194225,318.782673321087,7.68088676,85285.4094967735,20,1.02102,"Europe","Luxembourg",212,137,212,720,"LUX","Industrial Countries","prime minister","Parliamentary Democracy",0,1,1,0,NA,10,63,40356.2,0.486781,2.92728,91.15,"Netherlands",1919,82.68,18.81388117,0.530200005,1.52638092295811,9.82737774661525
"104","LVA",1.8324882406318,NA,NA,0,3.3,1.09265971827999,7.5,8.2,8.8,0.339773088203674,108.788986837409,6.55480303,17592.5725673991,20,0.98669,"Europe","Latvia",367,941,367,660,"LVA","Eastern Europe/Soviet Union","prime minister","Parliamentary Democracy",1,2,1,0,NA,8,17,36711.5,2.2712,2.9979,58.8,"Soviet Union",1918,67.88,14.2381091,0.586700022,0.190815986395992,9.58441609234165
"105","MAR",1.33090448180717,5.3,1.07197972127741,0.0052835152903769,1.4,3.39079610106242,25.3,28.5,31.4,0.600304365943433,75.2476345357777,5.85885463,6365.18966151887,10.5,0.91267,"ME and North Africa","Morocco",600,686,600,830,"MAR","Middle East/North Africa","king","Royal Dictatorship",0,5,4,0,NA,-6,43,130466,31.3215,1.84744,45.4,"France",1963,59.34,30.73101032,0.484100014,0.58379889952431,8.17480040859103
"106","MDA",3.64770204756527,NA,7.51216912696045,NA,6.5,0.315501849511349,13,14.7,16.4,0.848666728823406,117.770430226279,12.08179732,3831.74918707843,18.8,1.01461,"Europe","Moldova",359,921,359,813,"MDA","Eastern Europe/Soviet Union","prime minister","Parliamentary Democracy",0,4,4,0,NA,9,17,10778.3,3.63506,2.86516,NA,"Soviet Union",1978,46.96,17.60198828,0.553499997,-1.13593099214329,9.38700767686815
"107","MDG",9.27506579383058,31.6,5.52466369233942,NA,0.6,0.652042489281252,38.1,42.1,45.9,0.224306108263749,68.0226941748395,4.86435014,1362.29877181923,12.5,NA,"Sub-Saharan Africa","Madagascar",580,674,580,730,"MDG","Sub-Saharan Africa","prime minister","Mixed Democracy",0,4,3,0,NA,7,10,18540.4,19.5463,NA,50.72,"France",1959,27.08,43.78537195,0.502300024,NA,NA
"108","MDV",9.31689687103797,10,5.54929126375669,NA,1.8,NA,9.9,11.2,12.4,0.386680864374427,159.276758544621,7.92926355,10301.7057528176,6.5,NA,"South Asia","Maldives",781,556,781,760,"MDV","South Asia","president","Presidential Democracy",0,4,4,NA,NA,NA,NA,3835.59,0.307632,1.9869,77.93,"UK",1932,30.1,40.11809028,0.588,NA,NA
"109","MEX",2.59147848217063,5,0.0435600741039985,3.79594351086605,21.7,0.561034916262229,12.9,14.4,15.8,0.423509357001499,60.9465347831047,6.39444283,14603.1678602294,26.2,1.03189,"Latin America","Mexico",70,273,70,810,"MEX","Latin America","president","Presidential Democracy",0,2,3,0,NA,8,11,1400000,110.627,2.70168,47.72,"Spain",1947,76.26,30.38407916,0.541800022,0.448024081640972,9.14096967924745
"110","MHL",-5.67927145598669,NA,16.3906434290286,NA,NA,NA,27.8,31.8,35.5,0.623218175733771,NA,17.3351136,3381.34604581969,3,NA,"East Asia","Marshall Islands",983,867,983,785,"MHL","Pacific Islands/Oceania","president","Parliamentary Democracy",0,1,1,NA,NA,NA,NA,NA,NA,NA,45.85,"none",NA,66.92,NA,0.0603,NA,NA
"111","MKD",3.20438264947977,NA,2.09474155132259,NA,2.1,1.38215304965058,8,8.7,9.3,0.914492157217994,97.8810691156562,6.83334032,11341.0311757203,32.5,0.97725,"Europe","Macedonia, FYR",343,962,343,725,"MKD","Eastern Europe/Soviet Union","prime minister","Mixed Democracy",0,3,3,0,NA,9,6,16795,2.05252,NA,NA,NA,NA,NA,NA,NA,NA,NA
"112","MLI",3.47952570419792,5,10.6382629590693,NA,NA,1.37456680820104,76.2,82.9,89.2,0.0903121665076871,57.9852972401459,6.35206417,1822.96757432643,10.2,0.82107,"Sub-Saharan Africa","Mali",432,678,432,770,"MLI","Sub-Saharan Africa","prime minister","Mixed Democracy",0,2,3,0,NA,7,16,16326.8,14.46,1.32758,37.24,"France",1956,31.06,48.17257401,0.690599978,0.388014037913734,7.12020694962178
"113","MLT",105.785197448216,NA,NA,0,0.94,0.671914538980226,5.1,5.6,6,0.289045392075157,307.421774376847,8.29921427,27862.7761638726,8.7,0.83504,"ME and North Africa","Malta",338,181,338,780,"MLT","Industrial Countries","prime minister","Parliamentary Democracy",0,1,1,NA,NA,NA,NA,9309.29,0.413946,2.97559,92.95,"UK",1947,95.54,17.16818195,0.0414,NA,NA
"114","MMR",1.81897202342465,20.2,0.716594114329342,0.668058287567693,1.7,NA,40.6,45.8,50.8,0.252629501931641,0.175003171260919,1.92028227,3534.78751872664,4.3,1.0109,"East Asia","Myanmar",775,518,775,140,"MMR","Southeast Asia","chairman of the state peace and development council","Military Dictatorship",2,7,7,0,NA,-6,45,NA,NA,NA,69.72,NA,NA,NA,NA,NA,NA,NA
"115","MNG",23.5263370314666,25.9,4.59693248428935,1.47669914527502,8.8,0.76299723476197,19.9,25,29.9,3.43009072194202,103.35003200927,4.69693758,7552.64608299285,3.9,1.02415,"East Asia","Mongolia",712,948,712,820,"MNG","East Asia","prime minister","Mixed Democracy",0,2,2,0,NA,10,16,13402.6,2.66747,2.58929,73.58,"Other",1924,56.86,29.77821363,0.368200004,-0.218884855743879,9.14853811115367
"116","MOZ",12.3933776795362,31.8,19.8010996869533,0.107073373700176,3.6,0.976832818672595,67.3,71.9,76.3,0.269402975644285,77.7315432315101,5.3803234,895.499663909703,39.2,0.88723,"Sub-Saharan Africa","Mozambique",541,688,541,835,"MOZ","Sub-Saharan Africa","president","Civilian Dictatorship",0,3,3,0,NA,5,14,19315.5,22.3329,1.23597,48.84,"Portugal",1975,35.28,43.83480273,0.693199992,-0.167768046297977,6.96514989248845
"117","MRT",3.0090978418287,7.9,8.75212568469192,3.26384907704754,NA,NA,62.2,70.1,77.7,0.515670240046508,111.920206551704,3.27934195,3266.29462575561,22.1,1.01048,"Sub-Saharan Africa","Mauritania",435,682,435,790,"MRT","Sub-Saharan Africa","president/Chairman of the High Council of State","Military Dictatorship",1,6,5,0,NA,-5,0,8633.36,3.29525,1.76117,73.9,"France",1961,40.6,42.99257383,0.61500001,0.41318159164291,7.67822988778686
"118","MUS",4.29800264322616,5,1.23073588694539,0,2.6,0.148689589780391,11.7,13.3,14.9,0.391491895447741,113.457073552476,5.28526703,15616.0068421414,18.8,1.02581,"Sub-Saharan Africa","Mauritius",590,684,590,800,"MUS","Sub-Saharan Africa","prime minister","Parliamentary Democracy",0,1,2,0,NA,10,40,15382.8,1.28385,2.472,74.41,"UK",1956,42.48,24.24287061,0.463400006,0.598729662415085,9.05732208438711
"119","MWI",1.39433212481884,21.8,14.8512385086094,NA,3.5,0.718201023626047,53,57.5,61.7,0.171294678976347,57.6474935636677,10.04536369,1039.28951898371,20.8,0.99903,"Sub-Saharan Africa","Malawi",553,676,553,740,"MWI","Sub-Saharan Africa","president","Presidential Democracy",0,4,4,0,NA,6,14,12199.3,14.0051,1.80444,70.07,"UK",1961,17.66,47.33292049,0.879100025,-0.701511433208207,7.64780403706368
"120","MYS",4.26859027533685,5,-0.00248679171738103,4.50802640411436,1.9,1.51138131608869,6,6.8,7.6,0.856713582919991,157.945008363423,3.99044068,20675.017470943,9.9,1.03666,"East Asia","Malaysia",820,548,820,750,"MYS","Southeast Asia","prime minister","Civilian Dictatorship",0,4,4,0,NA,6,0,466952,27.502,2.92617,84.84,"UK",1957,68.2,31.91176623,0.674399972,0.64857994919022,9.28810141572878
"121","NAM",6.79787631775494,37.6,2.40870850371525,0,14.3,3.514743973544,33.7,37.5,41.2,0.27464652558905,108.41349125361,7.89329936,8212.32931480258,24.4,NA,"Sub-Saharan Africa","Namibia",565,728,565,837,"NAM","Sub-Saharan Africa","president","Civilian Dictatorship",0,2,2,0,NA,6,18,14484.7,2.20042,2.10757,72,"Other",1989,35.68,40.78812794,0.6329,0.753560616803089,8.25983126218811
"122","NER",13.9170614419377,11.1,13.0653062565675,NA,NA,1.16969119643991,60.6,66.1,71.4,0.205197442235706,71.2901875022508,6.36161217,804.051028542619,NA,0.78033,"Sub-Saharan Africa","Niger",436,692,436,880,"NER","Sub-Saharan Africa","prime minister","Mixed Democracy",1,3,4,0,NA,6,9,9514.64,14.45,1.25902,66.27,"France",1948,17,49.03491553,0.651799977,-0.318642597661516,7.00830533316304
"123","NGA",1.6414531524045,6.1,0.590388610313421,12.4455699582533,NA,0.539231122020191,74,81.5,88.7,0.250637551162917,42.6513849036375,3.47052573,5019.18606066892,7,0.90779,"Sub-Saharan Africa","Nigeria",475,694,475,890,"NGA","Sub-Saharan Africa","president","Presidential Democracy",2,5,4,0,NA,4,9,358062,150.666,NA,43.65,"UK",1958,49,44.01082693,0.850499988,NA,NA
"124","NIC",5.60442112231727,20.3,7.76891187516519,0,13.7,0.50647359510829,19.5,22,24.4,0.518924208207793,96.38402420259,6.57853535,3942.82261952286,20.7,1.03536,"Latin America","Nicaragua",93,278,93,870,"NIC","Latin America","president","Presidential Democracy",0,4,3,0,NA,9,18,NA,NA,NA,79.09,"Spain",1955,59.38,38.3247785,0.484400004,NA,NA
"125","NLD",13.8360022223259,NA,NA,0.0376507574679193,0.9,1.34154220347357,3.3,3.7,4,0.217168678599932,135.545009437667,10.47572212,44585.5262255452,40.7,0.98685,"Europe","Netherlands",210,138,210,850,"NLD","Industrial Countries","prime minister","Parliamentary Democracy",0,1,1,0,NA,10,63,636400,16.5033,3.1249,74.56,"Spain",1919,80.74,18.05228289,0.105400003,0.30173286609106,10.4034316951568
"126","NOR",5.04854576494648,NA,NA,6.37668888314792,0.6,1.51651159477531,2.3,2.6,2.8,0.140279267002099,68.4095797480318,9.2556665,57995.8601888632,39.6,0.99341,"Europe","Norway",385,142,385,1091,"NOR","Industrial Countries","prime minister","Parliamentary Democracy",0,1,1,0,NA,10,63,256975,4.77896,3.42741,78.23,"none",1907,77.5,19.38012799,0.058600001,0.0972967795001356,10.8708301314269
"127","NPL",0.548294665887946,10.2,5.05055103998616,0,3,1.56366587467534,33.6,36.3,38.8,0.315997098400871,45.9849057742707,6.43130604,1956.4658657987,33.2,1.00982,"South Asia","Nepal",790,558,790,840,"NPL","South Asia","prime minister","Parliamentary Democracy",1,4,4,0,NA,6,2,33175.8,28.9054,1.65837,63.29,"none",1951,16.28,38.52050646,0.663200021,0.0611413596740752,7.51775363526079
"128","NZL",0.195318645209427,NA,NA,0.602334772145547,0.98,1.31718527257533,4.6,5.1,5.6,0.216791114838519,58.2264169493192,11.1979699,31263.7857861676,33.6,1.02832,"East Asia","New Zealand",920,196,920,860,"NZL","Industrial Countries","prime minister","Parliamentary Democracy",0,1,1,0,NA,10,131,113848,4.27781,3.49536,76.95,"UK",1893,86.32,21.04471715,0.396899998,-0.837932504138474,11.1881482071845
"129","OMN",2.11995955223617,5.9,-0.0392480555407473,35.3402937916552,NA,8.34767336656673,9,10,11,0.859011208532172,89.8188720750767,2.74408324,45892.3666815787,0,NA,"ME and North Africa","Oman",698,449,698,895,"OMN","Oil States","sultan","Royal Dictatorship",0,6,5,0,NA,-8,51,93677.7,2.63696,NA,56.66,"Portugal",NA,71.54,34.03524097,0.437299997,NA,NA
"130","PAK",1.13975303013467,21.7,1.64022425610742,0.73117377876177,7.8,3.42369097294437,68.5,73.5,78.2,0.909748788688764,32.8689265807296,3.01609686,4209.69803030354,22.2,0.82021,"South Asia","Pakistan",770,564,770,900,"PAK","South Asia","prime minister","Parliamentary Democracy",3,4,5,0,NA,5,0,440032,167.442,1.94576,55.02,"UK",1947,35.32,37.71684493,0.709800005,0.46412218717109,7.88102401016409
"131","PAN",8.81516882685737,14.8,0.487106567403459,0,21,0,15,17,18.8,0.316899042784225,141.837038164138,8.04716512,15202.2174304429,8.5,1.00004,"Latin America","Panama",95,283,95,910,"PAN","Latin America","president","Presidential Democracy",2,1,2,0,NA,9,19,37207.4,3.40649,2.82917,75.19,"Spain",1941,71.6,30.08406291,0.5528,0.259283081462232,9.36991349831393
"132","PER",5.73224659245982,12.2,-0.216824359674859,1.13165551460839,9.2,1.32603458865983,14.6,16.3,18,0.390487274635303,51.6728089370033,5.03167838,9755.14981217937,27.5,1.00821,"Latin America","Peru",135,293,135,930,"PER","Latin America","president","Presidential Democracy",4,2,3,0,NA,9,7,223927,28.4633,2.69758,81.88,"Spain",1955,72.82,31.73100341,0.656599998,0.161256777484319,9.02429383293106
"133","PHL",0.536290788526796,13,0.203563923422632,0.177990062336391,9.6,1.22159432048681,21.7,24.9,27.9,0.425472500378111,71.419491269698,4.37397274,5524.1544103206,22.1,NA,"East Asia","Philippines",840,566,840,940,"PHL","Southeast Asia","president","Presidential Democracy",1,4,3,0,NA,8,21,363136,90.1731,2.70547,81.95,"Spain",1937,63.44,34.60899592,0.238499999,-0.812554945532459,9.42944041229961
"134","PLW",1.46095980179543,NA,16.2613122171946,NA,NA,NA,14.7,16.6,18.5,1.17711099020675,127.392655059848,10.6424429,12157.3000958188,0,NA,"East Asia","Palau",986,565,986,905,"PLW","Pacific Islands/Oceania","president","Presidential Democracy",0,1,1,NA,NA,NA,NA,NA,NA,NA,40.63,"none",1979,69.7,NA,0.431199998,NA,NA
"135","PNG",0.29559883250955,NA,5.61616087902724,5.66445325003662,10.4,0.476893380265698,45.9,50.3,54.6,0.480071465243556,NA,4.17576533,2122.70744992972,0.9,NA,"East Asia","Papua New Guinea",910,853,910,915,"PNG","Pacific Islands/Oceania","prime minister","Parliamentary Democracy",0,4,3,NA,NA,4,33,NA,NA,NA,76.89,"Other",1964,13.52,39.77264301,0.271800011,NA,NA
"136","POL",3.83771940992059,NA,NA,0.0428529693953669,1.1,1.83387912657398,4.5,5,5.4,0.6598166926622,82.1083832596345,6.88449165,21089.0110793747,20,0.99161,"Europe","Poland",290,964,290,950,"POL","Eastern Europe/Soviet Union","prime minister","Mixed Democracy",1,1,1,0,NA,10,17,619806,38.2185,2.88918,50.92,"Soviet Union",1918,62.24,15.90560158,0.118299998,0.19926757448578,9.75723980738858
"137","PRT",3.54811565858258,NA,NA,0,1.2,1.9802165969028,2.9,3.1,3.4,0.201985512523072,67.3048494042777,10.43672755,27360.9611166887,27.4,0.99804,"Europe","Portugal",235,182,235,960,"PRT","Industrial Countries","prime minister","Mixed Democracy",1,1,1,0,NA,10,32,241529,10.6346,2.52264,55.84,"Portugal",1931,58.22,15.8426996,0.046799999,0.836545176167738,9.38032732348569
"138","PRY",1.71787782759764,12.4,0.649946294069033,0,11.9,1.07853587727633,18.2,20.4,22.4,0.254468079377586,106.584879188234,9.10170096,7142.05703875154,12.5,0.99802,"Latin America","Paraguay",150,288,150,920,"PRY","Latin America","president","Presidential Democracy",0,3,3,0,NA,8,16,25734.4,6.23024,2.58611,68.5,"Spain",1961,59.1,37.19616972,0.168899998,-0.38915493603473,9.26291105054081
"139","QAT",3.73261155961199,NA,NA,14.0494620577367,NA,1.49993897696079,7,7.7,8.4,0.580372941648803,86.070289953093,2.09267664,123592.987260467,0,1.01178,"ME and North Africa","Qatar",694,453,694,965,"QAT","Oil States","emir","Royal Dictatorship",0,6,5,NA,NA,-10,37,173891,1.39606,2.40012,NA,"UK",NA,95.48,21.60141276,0.745599985,NA,NA
"140","RUS",2.83083124778953,NA,NA,9.52957483669086,10.2,3.85071855059007,9.1,10.3,11.5,1.09843929168266,50.355550276947,6.83091103,20497.934076089,14,NA,"Europe","Russian Federation",365,922,365,1190,"RUS","Eastern Europe/Soviet Union","president","Civilian Dictatorship",0,6,5,1,NA,4,8,2700000,143.163,3.22709,47.88,NA,NA,NA,NA,NA,NA,NA
"141","RWA",0.742855770653024,37.3,18.2664251510309,NA,4.9,1.30760357107032,39.6,43.8,47.7,0.103603040222179,41.0472464640385,7.90988034,1301.69695192285,56.3,1.01087,"Sub-Saharan Africa","Rwanda",517,714,517,980,"RWA","Sub-Saharan Africa","president","Military Dictatorship",0,6,5,0,NA,-3,14,10504.8,10.0041,1.66795,98.8,"Belgium",1961,20.22,43.06331228,0.323799998,-0.670509032891287,7.84193307274833
"142","SAU",5.54898830346898,5,NA,41.6045738269634,NA,8.58837291823058,13.5,14.7,15.7,0.988119441085312,82.768535030622,3.49296819,43351.7676914543,0,NA,"ME and North Africa","Saudi Arabia",670,456,670,990,"SAU","Oil States","king","Royal Dictatorship",0,7,6,0,NA,-10,82,783744,26.1666,2.5895,NA,"UK",NA,81.22,36.76424444,0.180000007,NA,NA
"143","SDN",3.14429649714185,NA,3.34814535416287,12.7574877945276,NA,NA,48.2,53.3,58.3,0.242868368069035,36.9756093605738,7.96507777,3175.27394267377,25.6,0.88861,"Sub-Saharan Africa","Sudan",625,732,625,1070,"SDN","Sub-Saharan Africa","president","Military Dictatorship",3,7,7,1,NA,-4,3,80174.2,32.6776,1.53446,46.4,"UK",1964,41.68,38.95733266,0.714699984,0.757187743573549,7.30596144518833
"144","SEN",2.1048855752447,13.6,7.32662414392312,0,NA,1.51564901079327,41.9,46.7,51.3,0.599707733441631,65.2028320809605,4.62149151,2129.79248340708,22.7,0.9956,"Sub-Saharan Africa","Senegal",433,722,433,1000,"SEN","Sub-Saharan Africa","prime minister","Mixed Democracy",0,3,3,0,NA,7,8,20774,11.7871,1.88672,36.67,"France",1945,41.86,42.19907225,0.693899989,-0.198729534489752,7.86250936281655
"145","SGP",23.2955964706858,NA,NA,0,0.4,3.42984932114948,2,2.2,2.4,0.185876815558701,372.099363105536,3.95624757,70561.0834028427,23.4,NA,"East Asia","Singapore",830,576,830,1020,"SGP","Southeast Asia","prime minister","Military Dictatorship",0,5,4,0,NA,-2,43,268039,4.77222,2.71546,93.56,"Other",1947,100,18.81682461,0.385699987,1.68335171568743,9.48088232922404
"146","SLB",24.7058545808308,10.9,68.5719572603977,NA,NA,NA,24.1,26.6,28.9,0.28939136622969,132.350221565731,7.46783612,1752.11988003583,0,0.93869,"East Asia","Solomon Islands",940,813,940,1025,"SLB","Pacific Islands/Oceania","prime minister","Parliamentary Democracy",0,4,3,NA,NA,8,4,NA,NA,NA,89.93,"UK",1974,17.32,40.33223745,0.111000001,NA,NA
"147","SLE",9.11118106259705,29,17.3267051176536,NA,2.8,0.957815098735421,99.5,107,114.1,0.2774833648089,50.5214128390431,10.31962615,1333.58343799465,13.2,NA,"Sub-Saharan Africa","Sierra Leone",451,724,451,1010,"SLE","Sub-Saharan Africa","president","Presidential Democracy",2,3,3,0,NA,7,6,5526.19,5.61213,1.55168,79.28,"UK",1961,41.44,42.85779693,0.819100022,-0.0833536549880911,7.27897856732735
"148","SLV",-0.528336439980218,12,1.3485088672947,0,66,0.938449830285317,15.2,17.1,19,0.296533525069683,68.7687631604749,6.912477,7301.80659698796,19,0.96566,"Latin America","El Salvador",92,253,92,350,"SLV","Latin America","president","Presidential Democracy",0,2,3,0,NA,7,24,6906.29,6.12963,2.47456,45.91,"Spain",1939,60.1,33.60429666,0.197799996,-0.253827248247263,9.1497043238053
"149","SMR",NA,NA,NA,NA,0,NA,2.8,3.1,3.3,NA,NA,5.01688731,NA,16.7,1.06396,"Europe","San Marino",331,135,331,982,"SMR","Industrial Countries","captains-regent","Parliamentary Democracy",0,1,1,NA,NA,NA,NA,NA,NA,NA,63.85,"none",NA,NA,NA,0.292699993,NA,NA
"150","SOM",NA,NA,NA,NA,NA,NA,90.7,97.8,104.2,NA,NA,NA,NA,6.8,NA,"Sub-Saharan Africa","Somalia",520,726,520,1030,"SOM","Sub-Saharan Africa","president","Civilian Dictatorship",1,7,7,0,NA,0,0,NA,NA,NA,99.86,"UK",1956,35.66,44.19706687,0.811699986,NA,NA
"151","STP",25.6262149062974,6.2,25.4864670072052,NA,3.5,NA,35.7,39.8,43.7,0.501428045782134,NA,5.24180131,2647.08699216688,18.2,0.99662,"Sub-Saharan Africa","Sao Tome and Principe",403,716,403,985,"STP","Sub-Saharan Africa","prime minister","Mixed Democracy",0,2,2,NA,NA,NA,NA,360.494,0.159852,NA,88.45,NA,NA,NA,NA,NA,NA,NA
"152","SUR",-5.67027082464771,8.7,2.43451249625982,5.37903015583536,NA,NA,19.3,22.1,24.7,0.601037719402985,90.9613941465855,5.80511399,14216.5487909005,9.8,1.07424,"Latin America","Suriname",115,366,115,1075,"SUR","Caribbean","president","Presidential Democracy",2,2,2,NA,NA,5,17,3171.78,0.515066,NA,72.72,"Netherlands",1948,74.24,29.76522622,0.733200014,NA,NA
"153","SVK",2.36570650929584,NA,NA,0.00317152284824716,1.6,1.27113713116158,6.3,7,7.7,0.404898248580203,154.123059806721,8.50861648,25010.5445790089,15.3,1.00425,"Europe","Slovak Republic",317,936,317,302,"SVK","Eastern Europe/Soviet Union","prime minister","Mixed Democracy",1,1,1,0,NA,10,15,114246,5.4413,3.16323,NA,NA,NA,NA,NA,NA,NA,NA
"154","SVN",0.664469885050859,NA,NA,0.000159225834107645,0.7,1.60805490138794,2.4,2.7,2.9,0.321210690160771,127.141330167444,9.06859821,27792.9779761335,14.4,0.99245,"Europe","Slovenia",349,961,349,1023,"SVN","Eastern Europe/Soviet Union","prime minister","Parliamentary Democracy",0,1,1,0,NA,10,17,54114,2.01817,3.26319,51.73,"Soviet Union",1945,51.18,13.7239712,0.221599996,0.0326195385691137,10.1999191384166
"155","SWE",0.127995209419349,NA,NA,0,0.1,1.20520091795611,2.3,2.5,2.8,0.106523200541677,86.9028469934892,9.46876598,41667.832085041,45,0.99186,"Europe","Sweden",380,144,380,1092,"SWE","Industrial Countries","prime minister","Parliamentary Democracy",0,1,1,0,NA,10,91,327373,9.23687,3.24602,85.81,"none",1921,84.26,17.20204667,0.059999999,-0.153060126051105,10.7905448233173
"156","SWZ",2.99709476701131,23.6,2.11941375574377,NA,17.4,2.25416482752567,53.4,59.1,64.5,0.229268655299126,103.99643054961,8.46995395,7440.69091223015,13.6,0.93954,"Sub-Saharan Africa","Swaziland",572,734,572,1080,"SWZ","Sub-Saharan Africa","king","Royal Dictatorship",0,7,5,0,NA,-9,35,6145.62,1.15034,2.44491,60.39,"UK",1968,24.38,40.3689938,0.058200002,-0.347311734699239,9.26203072276179
"157","SYC",16.4748280771038,NA,5.88942853943286,NA,2.1,0.737941050832977,11.2,12.2,13.1,0.710764036633917,201.880604015378,3.59400354,19953.1605009972,23.5,1.04306,"Sub-Saharan Africa","Seychelles",591,718,591,1005,"SYC","Sub-Saharan Africa","president","Civilian Dictatorship",0,3,3,NA,NA,NA,NA,NA,NA,NA,87.61,"UK",1948,53.38,NA,0.202500001,NA,NA
"158","SYR",NA,NA,NA,NA,2.2,NA,11.8,13.2,14.5,NA,NA,3.27644738,NA,12.4,0.98518,"ME and North Africa","Syrian Arab Republic",652,463,652,1110,"SYR","Middle East/North Africa","president","Military Dictatorship",0,7,6,0,NA,-7,45,91553.6,19.6943,1.90159,57.56,NA,NA,NA,NA,NA,NA,NA
"159","TCD",2.93684225866551,41,4.75774998254905,20.7291257374325,NA,5.77813869358188,85.9,93.6,100.7,0.0485139130771957,80.3907092891162,2.94877337,1884.79582691199,5.2,0.66206,"Sub-Saharan Africa","Chad",483,628,483,210,"TCD","Sub-Saharan Africa","president/president of Patriotic Salvation Movement","Military Dictatorship",0,7,6,1,NA,-2,16,26312.2,10.6538,NA,56.6,"France",1958,25.76,47.30024044,0.861999989,NA,NA
"160","TGO",3.93773523450702,20.5,14.6066852415221,0,NA,1.79116976468784,53.2,59.3,65.2,0.822864395574383,97.4728712359695,5.36773553,1204.60489359183,11.1,NA,"Sub-Saharan Africa","Togo",461,742,461,1140,"TGO","Sub-Saharan Africa","president","Civilian Dictatorship",0,5,5,1,NA,-4,15,5988.54,5.77684,1.99695,66.06,"France",1945,40.82,43.22750804,0.709900022,-0.959749468456295,8.05365637147824
"161","THA",4.32550699491252,9.3,-0.00624748430432042,1.2979270078128,5.5,1.45558136051593,10.7,12.5,14.1,0.846492461590311,126.757243435303,3.80909637093027,13309.4191973258,13.3,1.01668,"East Asia","Thailand",800,578,800,1130,"THA","Southeast Asia","prime minister","Parliamentary Democracy",3,5,4,0,NA,4,0,620692,68.268,2.35622,46.79,"none",1932,32.64,23.48301227,0.63380003,0.972994019866623,8.52323325400588
"162","TJK",1.40746714907861,37.4,6.20810950414592,0.0528300675982059,2,0.952762566225903,39.5,44.7,49.6,0.451048821674741,67.9546822573268,6.04279741,2080.04438846721,19,0.90863,"Europe","Tajikistan",702,923,702,1115,"TJK","Eastern Europe/Soviet Union","president","Civilian Dictatorship",0,6,5,1,NA,-3,10,14651.3,6.69142,2.81099,82,"Soviet Union",1924,24.6,38.24519825,0.510699987,-1.68316478228796,9.32330929536485
"163","TKM",16.0841101892421,5,0.211705088350369,10.5380830508351,NA,NA,42.3,50.4,57.9,2.53682595087163,120.790513191013,1.98723852,9828.66220431068,16.8,NA,"Europe","Turkmenistan",701,925,701,1172,"TKM","Eastern Europe/Soviet Union","president","Civilian Dictatorship",0,7,7,0,NA,-9,17,46936.6,4.9184,NA,91.33,"Soviet Union",1927,46.58,30.92096978,0.391799986,NA,NA
"164","TON",2.43138710677249,NA,18.4649448069545,NA,0.1,NA,16.9,15,12.8,0.317630563169648,73.5627538488762,4.59400374,4891.99847936537,0,1.02034,"East Asia","Tonga",955,866,955,1215,"TON","Pacific Islands/Oceania","king","Royal Dictatorship",0,5,3,NA,NA,NA,NA,NA,NA,NA,76.8,"UK",NA,24.26,35.47425052,0.086900003,NA,NA
"165","TTO",2.47947143018943,10.2,0.0205423103588358,6.53333957978926,35.6,0.645652235467339,18.8,21,23.1,2.16217468076634,85.762640300705,5.28531009,30628.6570714147,28.6,NA,"Latin America","Trinidad and Tobago",52,369,52,1150,"TTO","Caribbean","prime minister","Parliamentary Democracy",0,2,2,NA,NA,10,46,28166.6,1.33104,2.83786,66.84,NA,NA,NA,NA,NA,NA,NA
"166","TUN",3.02944278362369,5,1.3103888144703,4.23927380104914,2.7,1.29665606737029,13.3,14.9,16.4,0.627913679172779,105.756607379331,6.54360565,10225.9605629313,27.6,1.01884,"ME and North Africa","Tunisia",616,744,616,1160,"TUN","Middle East/North Africa","president","Military Dictatorship",0,7,5,0,NA,-4,21,89523.8,10.2473,2.31757,67.43,"France",1957,65.68,25.23166838,0.0394,0.224350144016622,9.00833477506702
"167","TUR",1.2444871768068,5,0.144846428030984,0.0969599040303035,4.2,2.45360383801637,15,16.4,17.7,0.407583462838079,47.9689198905495,5.61321761,16541.9910876058,9.1,0.94779,"Europe","Turkey",640,186,640,1170,"TUR","Middle East/North Africa","prime minister","Parliamentary Democracy",1,3,3,0,NA,7,25,945499,70.9237,2.2903,85.18,"Ottoman",1930,67.76,28.88691871,0.319999993,0.898512498949215,8.81514484252881
"168","TZA",5.77306824976493,34.7,9.52547336246686,NA,NA,0.908923797655268,39.3,42.4,45.4,0.226269316043012,47.8763970854052,5.29671631,2068.48848692219,NA,0.95808,"Sub-Saharan Africa","Tanzania",510,738,510,1120,"TZA","Sub-Saharan Africa","president","Military Dictatorship",0,4,3,0,NA,-1,13,48364.1,41.0921,1.99084,NA,"UK",1959,24.64,42.26874491,0.735300004,-0.371874666653356,8.00644808663272
"169","UGA",2.69424001141828,25.1,8.51493740345351,NA,9.5,3.23627717414667,44.5,49.5,54.4,0.194190336868717,44.469526726118,11.02478546,1541.64226247552,31.3,0.99225,"Sub-Saharan Africa","Uganda",500,746,500,1180,"UGA","Sub-Saharan Africa","president","Civilian Dictatorship",1,5,4,1,NA,-1,3,37234.9,31.3394,1.93127,67.61,"UK",1962,12.74,50.49664496,0.930199981,-0.377837174064447,7.71844070547196
"170","UKR",4.7429235481486,NA,0.490022115780757,0.48062761144049,4.4,2.74203082236836,9,10.1,11.2,2.23980803160469,98.1400774172508,7.80753352,7666.2195766859,8,0.98585,"Europe","Ukraine",369,926,369,1183,"UKR","Eastern Europe/Soviet Union","prime minister","Mixed Democracy",0,3,2,0,NA,7,17,377674,45.9916,3.14051,52.42,"Soviet Union",1919,68.02,14.40730526,0.473699987,-0.919986756137564,9.86456564459584
"171","URY",5.43896049723303,5,0.12253054086732,0,6.1,1.95612183039502,9.5,10.6,11.7,0.158387248135566,51.6990372039878,8.62826624,16736.8559950922,15.2,1.04142,"Latin America","Uruguay",165,298,165,1240,"URY","Latin America","president","Presidential Democracy",1,1,1,0,NA,10,23,37018.6,3.34597,2.61867,89.62,"Other",1932,92.1,24.10922333,0.250400007,0.411157118308764,9.31421139418221
"172","USA",1.73307640307258,NA,NA,0.35179116092985,4.8,4.66561510232437,5.7,6.3,6.9,0.361449782456624,28.1824522940221,17.0167582,48374.0867933094,16.8,1.00479,"North America","United States",2,111,2,1220,"USA","Industrial Countries","president","Presidential Democracy",0,1,1,0,NA,10,199,1.3e+07,304.989,3.60111,42.5,"UK",1920,81.1,20.61010855,0.490099996,-0.920898539384675,11.7076180918809
"173","UZB",4.16052269481945,8.5,0.579006535490949,0.707236836032986,NA,NA,34,39.6,44.8,2.64838877454598,60.1732596784974,5.34396144,4153.93884603207,22,0.99259,"Europe","Uzbekistan",704,927,704,1241,"UZB","Eastern Europe/Soviet Union","president","Civilian Dictatorship",0,7,7,0,NA,-9,17,134848,26.812,NA,88.51,"Soviet Union",1938,36.74,32.36468906,0.412499994,NA,NA
"174","VCT",14.27105162963,6.8,2.51888401728089,NA,22.9,NA,16.8,18.6,20.3,0.322976533429572,84.0194429422206,4.70791229,9714.91020874984,14.3,0.97071,"Latin America","St. Vincent and the Grenadines",57,364,57,1065,"VCT","Caribbean","prime minister","Parliamentary Democracy",0,2,1,NA,NA,NA,NA,916.373,0.109178,NA,NA,NA,NA,NA,NA,NA,NA,NA
"175","VEN",0.401979211276914,5,0.0137652481042264,9.39663185228582,45.1,0.853924397949469,12.4,14.3,16.1,0.480116351897132,46.1368935240203,5.03666547,16228.3408063552,17,1.01843,"Latin America","Venezuela, RB",101,299,101,1250,"VEN","Latin America","president","Presidential Democracy",1,4,4,1,NA,5,39,327754,28.0575,2.27254,NA,NA,NA,NA,NA,NA,NA,NA
"176","VNM",6.90061180038446,14.5,2.64372399370696,4.74546364374463,1.5,2.30504933664778,17.1,19.8,22.4,1.27092069588169,152.217368650662,6.36084929,4395.51016267998,25.8,NA,"East Asia","Vietnam",818,582,818,1262,"VNM","Southeast Asia","general secretary of Communist Party","Civilian Dictatorship",0,7,5,0,NA,-7,54,267042,85.9519,2.11284,NA,"France",1946,26.88,28.78952863,0.238299996,-0.415569814486553,8.80390869583972
"177","VUT",9.00528151189843,6,15.9622057890688,NA,NA,NA,21.8,23.9,25.8,0.172674457589233,99.3653551655083,4.71116665,2888.3493792424,3.8,0.98419,"East Asia","Vanuatu",935,846,935,1243,"VUT","Pacific Islands/Oceania","prime minister","Parliamentary Democracy",0,2,2,NA,NA,NA,NA,NA,NA,NA,56.47,"France",1975,23.92,39.48711045,0.041299999,NA,NA
"178","WSM",-0.201674969490557,5,23.227087355812,NA,8.6,NA,14.5,16,17.4,0.312660463600021,82.3391591765303,5.70478027,5295.66609922839,8.2,1.05473,"East Asia","Samoa",990,862,990,1270,"WSM","Pacific Islands/Oceania","head of state","Royal Dictatorship",0,2,2,NA,NA,NA,NA,NA,NA,NA,73.06,NA,NA,NA,NA,NA,NA,NA
"179","YEM",0.610357927076421,27,2.29333529879739,20.5170409360292,4.7,4.68555703404199,38.5,42.4,46.2,0.758155754127858,64.3856389780987,5.17144739,4390.89897240318,0.3,0.75056,"ME and North Africa","Yemen, Rep.",679,474,679,1280,"YEM","Middle East/North Africa","president/chairman Presidential Council","Military Dictatorship",0,5,5,1,NA,-2,15,62719.3,22.6266,1.58359,NA,NA,NA,NA,NA,NA,NA,NA
"180","ZAF",0.983955682930412,5,0.28209691883979,0.0293525543979952,30.9,1.11580825092212,33.8,38.2,42.4,1.26308740790973,55.988992754024,8.5041601,11785.6051355226,44.5,1.09388,"Sub-Saharan Africa","South Africa",560,199,560,1040,"ZAF","Sub-Saharan Africa","president","Civilian Dictatorship",0,2,2,0,NA,9,14,495169,49.3194,2.62513,73.48,"UK",1930,59.78,32.41160876,0.751699984,0.45935198921113,8.91528217278505
"181","ZMB",8.53319778966198,51.7,4.86347229287624,0,5.8,1.38259276517524,48.2,52.9,57.4,0.133720138910405,67.900929786177,4.40728156,3197.38071619093,14,NA,"Sub-Saharan Africa","Zambia",551,754,551,1300,"ZMB","Sub-Saharan Africa","president","Civilian Dictatorship",0,3,3,0,NA,7,7,25489.3,12.3796,2.206,56.03,"UK",1962,35.14,45.63621454,0.780799985,-0.16790150504167,8.23798873246368
"182","ZWE",1.3010461481557,34.7,8.02714319670689,0,5.1,1.04321075462803,49.5,55.8,61.8,0.983480191535248,100.370387418437,5.37316536,1360.87602638558,15,NA,"Sub-Saharan Africa","Zimbabwe",552,698,552,1214,"ZWE","Sub-Saharan Africa","president","Civilian Dictatorship",0,7,6,0,NA,-4,9,35688,12.4515,2.46115,40.81,"UK",1957,36.38,39.46989677,0.387400001,-1.67363564390304,8.88951955231413
